filename,layer,ASSEMBLY
078051C-0000-DW-1632-0001-A_04.dwg,E-LIGHTING,L01A
078051C-0000-DW-1632-0001-A_04.dwg,E-LIGHTING,L01A
078051C-0000-DW-1632-0001-A_04.dwg,E-LIGHTING,L01A
078051C-0000-DW-1632-0001-A_04.dwg,E-LIGHTING,L01A
078051C-0000-DW-1632-0001-A_04.dwg,E-LIGHTING,L01A
078051C-0000-DW-1632-0001-A_04.dwg,E-LIGHTING,L01A
078051C-0000-DW-1632-0001-A_04.dwg,E-LIGHTING,L01A - E
078051C-0000-DW-1632-0001-A_04.dwg,E-LIGHTING,L01A
078051C-0000-DW-1632-0001-A_04.dwg,E-LIGHTING,L01A
078051C-0000-DW-1632-0001-A_04.dwg,E-LIGHTING,L01A
078051C-0000-DW-1632-0001-A_04.dwg,E-LIGHTING,L01A
078051C-0000-DW-1632-0001-A_04.dwg,E-LIGHTING,L01A
078051C-0000-DW-1632-0001-A_04.dwg,E-LIGHTING,L01A
078051C-0000-DW-1632-0001-A_04.dwg,E-LIGHTING,L01A
078051C-0000-DW-1632-0001-A_04.dwg,E-LIGHTING,L01A
078051C-0000-DW-1632-0001-A_04.dwg,E-LIGHTING,L01A
078051C-0000-DW-1632-0001-A_04.dwg,E-LIGHTING,L01A
078051C-0000-DW-1632-0001-A_04.dwg,E-LIGHTING,L01A
078051C-0000-DW-1632-0001-A_04.dwg,E-LIGHTING,L01A
078051C-0000-DW-1632-0001-A_04.dwg,E-LIGHTING,L01A
078051C-0000-DW-1632-0001-A_04.dwg,E-LIGHTING,L01A
078051C-0000-DW-1632-0001-A_04.dwg,E-LIGHTING,L01A
078051C-0000-DW-1632-0001-A_04.dwg,E-LIGHTING,L01A - E
078051C-0000-DW-1632-0001-A_04.dwg,E-LIGHTING,L01A
078051C-0000-DW-1632-0001-A_04.dwg,E-LIGHTING,L01A
078051C-0000-DW-1632-0001-A_04.dwg,E-LIGHTING,L01A - E
078051C-0000-DW-1632-0001-A_04.dwg,E-LIGHTING,L01A
078051C-0000-DW-1632-0001-A_04.dwg,E-LIGHTING,L01A
078051C-0000-DW-1632-0001-A_04.dwg,E-LIGHTING,L01A
078051C-0000-DW-1632-0001-A_04.dwg,E-LIGHTING,L01A
078051C-0000-DW-1632-0001-A_04.dwg,E-LIGHTING,L01A - E
078051C-0000-DW-1632-0001-A_04.dwg,E-LIGHTING,L01A - E
078051C-0000-DW-1632-0001-A_04.dwg,E-LIGHTING,L01A - E
078051C-0000-DW-1632-0001-A_04.dwg,E-LIGHTING,L01A - E
078051C-0000-DW-1632-0001-A_04.dwg,E-LIGHTING,L01A - E
078051C-0000-DW-1632-0001-A_04.dwg,E-LIGHTING,L01A - E
078051C-0000-DW-1632-0001-A_04.dwg,E-LIGHTING,L01A - E
078051C-0000-DW-1632-0001-A_04.dwg,E-LIGHTING,L01A - E
078051C-0000-DW-1632-0001-A_04.dwg,E-LIGHTING,L01A - E
078051C-0000-DW-1632-0001-A_04.dwg,E-LIGHTING,L01A - E
078051C-0000-DW-1632-0001-A_04.dwg,E-LIGHTING,L01A - E
078051C-0000-DW-1632-0001-A_04.dwg,E-LIGHTING,L01A - E
078051C-0000-DW-1632-0001-A_04.dwg,E-LIGHTING,L01A - E
078051C-0000-DW-1632-0001-A_04.dwg,E-LIGHTING,L01A - E
078051C-0000-DW-1632-0001-A_04.dwg,E-LIGHTING,L01A - E
078051C-0000-DW-1632-0001-A_04.dwg,E-LIGHTING,L01A - E
078051C-0000-DW-1632-0001-A_04.dwg,E-LIGHTING,L01A - E
078051C-0000-DW-1632-0001-A_04.dwg,E-LIGHTING,L01A - E
078051C-0000-DW-1632-0001-A_04.dwg,E-LIGHTING,L01A - E
078051C-0000-DW-1632-0001-A_04.dwg,E-LIGHTING,L01A - E
078051C-0000-DW-1632-0001-A_04.dwg,E-LIGHTING,L01A - E
078051C-0000-DW-1632-0001-A_04.dwg,E-LIGHTING,L01A - E
078051C-0000-DW-1632-0001-A_04.dwg,E-LIGHTING,L01A
078051C-0000-DW-1632-0001-A_04.dwg,E-LIGHTING,L01A
078051C-0000-DW-1632-0001-A_04.dwg,E-LIGHTING,L01A - E
078051C-0000-DW-1632-0001-A_04.dwg,E-LIGHTING,L01A - E
078051C-0000-DW-1632-0001-A_04.dwg,E-LIGHTING,L01A - E
078051C-0000-DW-1632-0001-A_04.dwg,E-LIGHTING,L07A
078051C-0000-DW-1632-0001-A_04.dwg,E-LIGHTING,L07A
078051C-0000-DW-1632-0001-A_04.dwg,E-LIGHTING,L07A
078051C-0000-DW-1632-0001-A_04.dwg,E-LIGHTING,L01A
078051C-0000-DW-1632-0001-A_04.dwg,E-LIGHTING,L01A
078051C-0000-DW-1632-0001-A_04.dwg,E-LIGHTING,L01A
078051C-0000-DW-1632-0001-A_04.dwg,E-LIGHTING,L01A
078051C-0000-DW-1632-0001-A_04.dwg,E-LIGHTING,L01A
078051C-0000-DW-1632-0001-A_04.dwg,E-LIGHTING,L01A - E
078051C-0000-DW-1632-0001-A_04.dwg,E-LIGHTING,L01A
078051C-0000-DW-1632-0001-A_04.dwg,E-LIGHTING,L01A - E
078051C-0000-DW-1632-0001-A_04.dwg,E-LIGHTING,L01A - E
078051C-0000-DW-1632-0001-A_04.dwg,E-LIGHTING,L01A - E
078051C-0000-DW-1632-0001-A_04.dwg,E-LIGHTING,L01A - E
078051C-0000-DW-1632-0001-A_04.dwg,E-LIGHTING,L01A - E
078051C-0000-DW-1632-0001-A_04.dwg,E-LIGHTING,L01A - E
078051C-0000-DW-1632-0001-A_04.dwg,E-LIGHTING,L01A - E
078051C-0000-DW-1632-0001-A_04.dwg,E-LIGHTING,L01A - E
078051C-0000-DW-1632-0001-A_04.dwg,E-LIGHTING,L01A - E
078051C-0000-DW-1632-0001-A_04.dwg,E-LIGHTING,L01A - E
078051C-0000-DW-1632-0001-A_04.dwg,E-LIGHTING,L01A - E
078051C-0000-DW-1632-0001-A_04.dwg,E-LIGHTING,L01A - E
078051C-0000-DW-1632-0001-A_04.dwg,E-LIGHTING,L01A - E
078051C-0000-DW-1632-0001-A_04.dwg,E-LIGHTING,L01A - E
078051C-0000-DW-1632-0001-A_04.dwg,E-LIGHTING,L01A - E
078051C-0000-DW-1632-0001-A_04.dwg,E-LIGHTING,L01A - E
078051C-0000-DW-1632-0001-A_04.dwg,E-LIGHTING,L01A - E
078051C-0000-DW-1632-0001-A_04.dwg,E-LIGHTING,L01A - E
078051C-0000-DW-1632-0001-A_04.dwg,E-LIGHTING,L01A - E
078051C-0000-DW-1632-0001-A_04.dwg,E-LIGHTING,L01A - E
078051C-0000-DW-1632-0001-A_04.dwg,E-LIGHTING,L25F
078051C-0000-DW-1632-0001-A_04.dwg,E-LIGHTING,L25F - E
078051C-0000-DW-1632-0001-A_04.dwg,E-LIGHTING,L25F
078051C-0000-DW-1632-0001-A_04.dwg,E-LIGHTING,L25F
078051C-0000-DW-1632-0001-A_04.dwg,E-LIGHTING,L25F
078051C-0000-DW-1632-0001-A_04.dwg,E-LIGHTING,L25F
078051C-0000-DW-1632-0001-A_04.dwg,E-LIGHTING,L25F - E
078051C-0000-DW-1632-0001-A_04.dwg,E-LIGHTING,L25F - E
078051C-0000-DW-1632-0001-A_04.dwg,E-LIGHTING,L25F - E
078051C-0000-DW-1632-0001-A_04.dwg,E-LIGHTING,L25F
078051C-0000-DW-1632-0001-A_04.dwg,E-LIGHTING,L25F
078051C-0000-DW-1632-0001-A_04.dwg,E-LIGHTING,L25F - E
078051C-0000-DW-1632-0001-A_04.dwg,E-LIGHTING,L25F - E
078051C-0000-DW-1632-0001-A_04.dwg,E-LIGHTING,L25F - E
078051C-0000-DW-1632-0001-A_04.dwg,E-LIGHTING,L25F
078051C-0000-DW-1632-0001-A_04.dwg,E-LIGHTING,L25F
078051C-0000-DW-1632-0001-A_04.dwg,E-LIGHTING,L08A - E
078051C-0000-DW-1632-0001-A_04.dwg,E-LIGHTING,L08A - E
078051C-0000-DW-1632-0001-A_05.dwg,E-LIGHTING,L01A - E
078051C-0000-DW-1632-0001-A_05.dwg,E-LIGHTING,L01A
078051C-0000-DW-1632-0001-A_05.dwg,E-LIGHTING,L01A
078051C-0000-DW-1632-0001-A_05.dwg,E-LIGHTING,L01A
078051C-0000-DW-1632-0001-A_05.dwg,E-LIGHTING,L01A
078051C-0000-DW-1632-0001-A_05.dwg,E-LIGHTING,L01A
078051C-0000-DW-1632-0001-A_05.dwg,E-LIGHTING,L01A
078051C-0000-DW-1632-0001-A_05.dwg,E-LIGHTING,L01A
078051C-0000-DW-1632-0001-A_05.dwg,E-LIGHTING,L01A
078051C-0000-DW-1632-0001-A_05.dwg,E-LIGHTING,L01A
078051C-0000-DW-1632-0001-A_05.dwg,E-LIGHTING,L01A
078051C-0000-DW-1632-0001-A_05.dwg,E-LIGHTING,L07A
078051C-0000-DW-1632-0001-A_05.dwg,E-LIGHTING,L07A
078051C-0000-DW-1632-0001-A_05.dwg,E-LIGHTING,L07A
078051C-0000-DW-1632-0001-A_05.dwg,E-LIGHTING,L07A
078051C-0000-DW-1632-0001-A_05.dwg,E-LIGHTING,L07A
078051C-0000-DW-1632-0001-A_05.dwg,E-LIGHTING,L07A
078051C-0000-DW-1632-0001-A_05.dwg,E-LIGHTING,L07A
078051C-0000-DW-1632-0001-A_05.dwg,E-LIGHTING,L07A
078051C-0000-DW-1632-0001-A_05.dwg,E-LIGHTING,L07A
078051C-0000-DW-1632-0001-A_05.dwg,E-LIGHTING,L07A
078051C-0000-DW-1632-0001-A_05.dwg,E-LIGHTING,L07A
078051C-0000-DW-1632-0001-A_05.dwg,E-LIGHTING,L07A
078051C-0000-DW-1632-0001-A_05.dwg,E-LIGHTING,L01A
078051C-0000-DW-1632-0001-A_05.dwg,E-LIGHTING,L08A
078051C-0000-DW-1632-0001-A_05.dwg,E-LIGHTING,L08A
078051C-0000-DW-1632-0001-A_05.dwg,E-LIGHTING,L08A - E
078051C-0000-DW-1632-0001-A_05.dwg,E-LIGHTING,L08A
078051C-0000-DW-1632-0001-A_05.dwg,E-LIGHTING,L08A - E
078051C-0000-DW-1632-0001-A_05.dwg,E-LIGHTING,L07A
078051C-0000-DW-1632-0001-A_05.dwg,E-LIGHTING,L01A - E
078051C-0000-DW-1632-0001-A_05.dwg,E-LIGHTING,L01A - E
078051C-0000-DW-1632-0001-A_05.dwg,E-LIGHTING,L01A
078051C-0000-DW-1632-0001-A_05.dwg,E-LIGHTING,L01A - E
078051C-0000-DW-1632-0001-A_05.dwg,E-LIGHTING,L01A - E
078051C-0000-DW-1632-0001-A_05.dwg,E-LIGHTING,L08A
078051C-0000-DW-1632-0001-A_05.dwg,E-LIGHTING,L08A - E
078051C-0000-DW-1632-0001-A_05.dwg,E-LIGHTING,L01A
078051C-0000-DW-1632-0001-A_05.dwg,E-LIGHTING,L01A
078051C-0000-DW-1632-0001-A_05.dwg,E-LIGHTING,L01A
078051C-0000-DW-1632-0001-A_05.dwg,E-LIGHTING,L01A - E
078051C-0000-DW-1632-0001-A_05.dwg,E-LIGHTING,L01A
078051C-0000-DW-1632-0001-A_05.dwg,E-LIGHTING,L01A - E
078051C-0000-DW-1632-0001-A_05.dwg,E-LIGHTING,L01A - E
078051C-0000-DW-1632-0001-A_05.dwg,E-LIGHTING,L01A
078051C-0000-DW-1632-0001-A_05.dwg,E-LIGHTING,L01A
078051C-0000-DW-1632-0001-A_05.dwg,E-LIGHTING,L01A
078051C-0000-DW-1632-0001-A_05.dwg,E-LIGHTING,L01A - E
078051C-0000-DW-1632-0001-A_05.dwg,E-LIGHTING,L01A - E
078051C-0000-DW-1632-0001-A_05.dwg,E-LIGHTING,L01A - E
078051C-0000-DW-1632-0001-A_05.dwg,E-LIGHTING,L01A - E
078051C-0000-DW-1632-0001-A_05.dwg,E-LIGHTING,L01A - E
078051C-0000-DW-1632-0001-A_05.dwg,E-LIGHTING,L01A - E
078051C-0000-DW-1632-0001-A_05.dwg,E-LIGHTING,L01A - E
078051C-0000-DW-1632-0001-A_05.dwg,E-LIGHTING,L01A - E
078051C-0000-DW-1632-0001-A_05.dwg,E-LIGHTING,L01A - E
078051C-0000-DW-1632-0001-A_05.dwg,E-LIGHTING,L01A - E
078051C-0000-DW-1632-0001-A_05.dwg,E-LIGHTING,L01A - E
078051C-0000-DW-1632-0001-A_05.dwg,E-LIGHTING,L07A
078051C-0000-DW-1632-0001-A_05.dwg,E-LIGHTING,L07A
078051C-0000-DW-1632-0001-A_05.dwg,E-LIGHTING,L01A - E
078051C-0000-DW-1632-0001-A_05.dwg,E-LIGHTING,L08A - E
078051C-0000-DW-1632-0001-A_05.dwg,E-LIGHTING,L01A
078051C-0000-DW-1632-0001-A_05.dwg,E-LIGHTING,L01A
078051C-0000-DW-1632-0001-A_05.dwg,E-LIGHTING,L01A - E
078051C-0000-DW-1632-0001-A_05.dwg,E-LIGHTING,L01A - E
078051C-0000-DW-1632-0001-A_05.dwg,E-LIGHTING,L01A - E
078051C-0000-DW-1632-0001-A_05.dwg,E-LIGHTING,L01A - E
078051C-0000-DW-1632-0001-A_05.dwg,E-LIGHTING,L01A - E
078051C-0000-DW-1632-0001-A_05.dwg,E-LIGHTING,L01A - E
078051C-0000-DW-1632-0001-A_05.dwg,E-LIGHTING,L01A
078051C-0000-DW-1632-0001-A_05.dwg,E-LIGHTING,L01A
078051C-0000-DW-1632-0001-A_05.dwg,E-LIGHTING,L01A
078051C-0000-DW-1632-0001-A_05.dwg,E-LIGHTING,L01A
078051C-0000-DW-1632-0001-A_05.dwg,E-LIGHTING,L01A - E
078051C-0000-DW-1632-0001-A_05.dwg,E-LIGHTING,L01A - E
078051C-0000-DW-1632-0001-A_05.dwg,E-LIGHTING,L01A - E
078051C-0000-DW-1632-0001-A_05.dwg,E-LIGHTING,L01A - E
078051C-0000-DW-1632-0001-A_05.dwg,E-LIGHTING,L01A - E
078051C-0000-DW-1632-0001-A_05.dwg,E-LIGHTING,L01A - E
078051C-0000-DW-1632-0001-A_05.dwg,E-LIGHTING,L01A - E
078051C-0000-DW-1632-0001-A_05.dwg,E-LIGHTING,L01A - E
078051C-0000-DW-1632-0001-A_05.dwg,E-LIGHTING,L01A - E
078051C-0000-DW-1632-0001-A_05.dwg,E-LIGHTING,L01A
078051C-0000-DW-1632-0001-A_05.dwg,E-LIGHTING,L01A - E
078051C-0000-DW-1632-0001-A_05.dwg,E-LIGHTING,L01A - E
078051C-0000-DW-1632-0001-A_05.dwg,E-LIGHTING,L01A - E
078051C-0000-DW-1632-0001-A_05.dwg,E-LIGHTING,L01A
078051C-0000-DW-1632-0001-A_05.dwg,E-LIGHTING,L01A - E
078051C-0000-DW-1632-0001-A_05.dwg,E-LIGHTING,L01A
078051C-0000-DW-1632-0001-A_05.dwg,E-LIGHTING,L01A - E
078051C-0000-DW-1632-0001-A_05.dwg,E-LIGHTING,L01A - E
078051C-0000-DW-1632-0001-A_05.dwg,E-LIGHTING,L07A - E
078051C-0000-DW-1632-0001-A_05.dwg,E-LIGHTING,L07A - E
078051C-0000-DW-1632-0001-A_05.dwg,E-LIGHTING,L07A - E
078051C-0000-DW-1632-0001-A_05.dwg,E-LIGHTING,L07A - E
078051C-0000-DW-1632-0001-A_05.dwg,E-LIGHTING,L07A - E
078051C-0000-DW-1632-0001-A_05.dwg,E-LIGHTING,L07A - E
078051C-0000-DW-1632-0001-A_05.dwg,E-LIGHTING,L07A - E
078051C-0000-DW-1632-0001-A_05.dwg,E-LIGHTING,L07A - E
078051C-0000-DW-1632-0001-A_05.dwg,E-LIGHTING,L07A - E
078051C-0000-DW-1632-0001-A_05.dwg,E-LIGHTING,L07A - E
078051C-0000-DW-1632-0001-A_05.dwg,E-LIGHTING,L07A - E
078051C-0000-DW-1632-0001-A_05.dwg,E-LIGHTING,L07A - E
078051C-0000-DW-1632-0001-A_05.dwg,E-LIGHTING,L01A - E
078051C-0000-DW-1632-0001-A_05.dwg,E-LIGHTING,L01A - E
078051C-0000-DW-1632-0001-A_05.dwg,E-LIGHTING,L01A - E
078051C-0000-DW-1632-0001-A_05.dwg,E-LIGHTING,L01A - E
078051C-0000-DW-1632-0001-A_05.dwg,E-LIGHTING,L01A - E
078051C-0000-DW-1632-0001-A_05.dwg,E-LIGHTING,L01A - E
078051C-0000-DW-1632-0001-A_05.dwg,E-LIGHTING,L01A - E
