filename,layer,block
078051C-0000-DW-1632-0001-A_04.dwg,0,A$Cdd380a1b
078051C-0000-DW-1632-0001-A_04.dwg,E-LIGHTING,L01A
078051C-0000-DW-1632-0001-A_04.dwg,E-LIGHTING,L01A
078051C-0000-DW-1632-0001-A_04.dwg,E-LIGHTING,L01A
078051C-0000-DW-1632-0001-A_04.dwg,E-LIGHTING,L01A
078051C-0000-DW-1632-0001-A_04.dwg,E-LIGHTING,L01A
078051C-0000-DW-1632-0001-A_04.dwg,E-LIGHTING,L01A
078051C-0000-DW-1632-0001-A_04.dwg,E-LIGHTING,L01A - E
078051C-0000-DW-1632-0001-A_04.dwg,E-LIGHTING,L01A
078051C-0000-DW-1632-0001-A_04.dwg,E-LIGHTING,L01A
078051C-0000-DW-1632-0001-A_04.dwg,E-LIGHTING,L01A
078051C-0000-DW-1632-0001-A_04.dwg,E-LIGHTING,L01A
078051C-0000-DW-1632-0001-A_04.dwg,E-LIGHTING,L01A
078051C-0000-DW-1632-0001-A_04.dwg,E-LIGHTING,L01A
078051C-0000-DW-1632-0001-A_04.dwg,E-LIGHTING,L01A
078051C-0000-DW-1632-0001-A_04.dwg,E-LIGHTING,L01A
078051C-0000-DW-1632-0001-A_04.dwg,E-LIGHTING,L01A
078051C-0000-DW-1632-0001-A_04.dwg,E-LIGHTING,L01A
078051C-0000-DW-1632-0001-A_04.dwg,E-LIGHTING,L01A
078051C-0000-DW-1632-0001-A_04.dwg,E-LIGHTING,L01A
078051C-0000-DW-1632-0001-A_04.dwg,E-LIGHTING,L01A
078051C-0000-DW-1632-0001-A_04.dwg,E-LIGHTING,L01A
078051C-0000-DW-1632-0001-A_04.dwg,E-LIGHTING,L01A
078051C-0000-DW-1632-0001-A_04.dwg,E-LIGHTING,L01A - E
078051C-0000-DW-1632-0001-A_04.dwg,E-LIGHTING,L01A
078051C-0000-DW-1632-0001-A_04.dwg,E-LIGHTING,L01A
078051C-0000-DW-1632-0001-A_04.dwg,E-LIGHTING,L01A - E
078051C-0000-DW-1632-0001-A_04.dwg,Default,TF_P_ELP_GRATING
078051C-0000-DW-1632-0001-A_04.dwg,Default,TF_P_ELP_GRATING
078051C-0000-DW-1632-0001-A_04.dwg,E-LIGHTING,L01A
078051C-0000-DW-1632-0001-A_04.dwg,E-LIGHTING,L01A
078051C-0000-DW-1632-0001-A_04.dwg,0,A$Cf3c044f0
078051C-0000-DW-1632-0001-A_04.dwg,E-LIGHTING,L01A
078051C-0000-DW-1632-0001-A_04.dwg,E-LIGHTING,L01A
078051C-0000-DW-1632-0001-A_04.dwg,E-LIGHTING,L01A - E
078051C-0000-DW-1632-0001-A_04.dwg,E-LIGHTING,L01A - E
078051C-0000-DW-1632-0001-A_04.dwg,E-LIGHTING,L01A - E
078051C-0000-DW-1632-0001-A_04.dwg,E-LIGHTING,L01A - E
078051C-0000-DW-1632-0001-A_04.dwg,E-LIGHTING,L01A - E
078051C-0000-DW-1632-0001-A_04.dwg,E-LIGHTING,L01A - E
078051C-0000-DW-1632-0001-A_04.dwg,E-LIGHTING,L01A - E
078051C-0000-DW-1632-0001-A_04.dwg,E-LIGHTING,L01A - E
078051C-0000-DW-1632-0001-A_04.dwg,E-LIGHTING,L01A - E
078051C-0000-DW-1632-0001-A_04.dwg,E-LIGHTING,L01A - E
078051C-0000-DW-1632-0001-A_04.dwg,E-LIGHTING,L01A - E
078051C-0000-DW-1632-0001-A_04.dwg,E-LIGHTING,L01A - E
078051C-0000-DW-1632-0001-A_04.dwg,E-LIGHTING,L01A - E
078051C-0000-DW-1632-0001-A_04.dwg,E-LIGHTING,L01A - E
078051C-0000-DW-1632-0001-A_04.dwg,E-LIGHTING,L01A - E
078051C-0000-DW-1632-0001-A_04.dwg,E-LIGHTING,L01A - E
078051C-0000-DW-1632-0001-A_04.dwg,E-LIGHTING,L01A - E
078051C-0000-DW-1632-0001-A_04.dwg,E-LIGHTING,L01A - E
078051C-0000-DW-1632-0001-A_04.dwg,E-LIGHTING,L01A - E
078051C-0000-DW-1632-0001-A_04.dwg,E-LIGHTING,L01A - E
078051C-0000-DW-1632-0001-A_04.dwg,E-LIGHTING,L01A - E
078051C-0000-DW-1632-0001-A_04.dwg,E-LIGHTING,L01A - E
078051C-0000-DW-1632-0001-A_04.dwg,E-LIGHTING,L01A
078051C-0000-DW-1632-0001-A_04.dwg,E-LIGHTING,L01A
078051C-0000-DW-1632-0001-A_04.dwg,Default,TF_P_ELP_GRATING
078051C-0000-DW-1632-0001-A_04.dwg,LIQUEFACTION,L01A - E
078051C-0000-DW-1632-0001-A_04.dwg,Default,TF_P_ELP_GRATING
078051C-0000-DW-1632-0001-A_04.dwg,E-LIGHTING,L01A - E
078051C-0000-DW-1632-0001-A_04.dwg,E-LIGHTING,L01A - E
078051C-0000-DW-1632-0001-A_04.dwg,Default,TF_P_ELP_GRATING
078051C-0000-DW-1632-0001-A_04.dwg,E-LIGHTING,L01A - E
078051C-0000-DW-1632-0001-A_04.dwg,E-LIGHTING,L07A
078051C-0000-DW-1632-0001-A_04.dwg,E-LIGHTING,L07A
078051C-0000-DW-1632-0001-A_04.dwg,E-LIGHTING,L07A
078051C-0000-DW-1632-0001-A_04.dwg,E-LIGHTING,L01A
078051C-0000-DW-1632-0001-A_04.dwg,E-LIGHTING,L01A
078051C-0000-DW-1632-0001-A_04.dwg,E-LIGHTING,L01A
078051C-0000-DW-1632-0001-A_04.dwg,E-LIGHTING,L01A
078051C-0000-DW-1632-0001-A_04.dwg,E-LIGHTING,L01A
078051C-0000-DW-1632-0001-A_04.dwg,E-LIGHTING,L01A - E
078051C-0000-DW-1632-0001-A_04.dwg,E-LIGHTING,L01A
078051C-0000-DW-1632-0001-A_04.dwg,E-LIGHTING,L01A - E
078051C-0000-DW-1632-0001-A_04.dwg,E-LIGHTING,L01A - E
078051C-0000-DW-1632-0001-A_04.dwg,E-LIGHTING,L01A - E
078051C-0000-DW-1632-0001-A_04.dwg,E-LIGHTING,L01A - E
078051C-0000-DW-1632-0001-A_04.dwg,E-LIGHTING,L01A - E
078051C-0000-DW-1632-0001-A_04.dwg,E-LIGHTING,L01A - E
078051C-0000-DW-1632-0001-A_04.dwg,E-LIGHTING,L01A - E
078051C-0000-DW-1632-0001-A_04.dwg,E-LIGHTING,L01A - E
078051C-0000-DW-1632-0001-A_04.dwg,E-LIGHTING,L01A - E
078051C-0000-DW-1632-0001-A_04.dwg,E-LIGHTING,L01A - E
078051C-0000-DW-1632-0001-A_04.dwg,E-LIGHTING,L01A - E
078051C-0000-DW-1632-0001-A_04.dwg,E-LIGHTING,L01A - E
078051C-0000-DW-1632-0001-A_04.dwg,E-LIGHTING,L01A - E
078051C-0000-DW-1632-0001-A_04.dwg,E-LIGHTING,L01A - E
078051C-0000-DW-1632-0001-A_04.dwg,E-LIGHTING,L01A - E
078051C-0000-DW-1632-0001-A_04.dwg,E-LIGHTING,L01A - E
078051C-0000-DW-1632-0001-A_04.dwg,E-LIGHTING,L01A - E
078051C-0000-DW-1632-0001-A_04.dwg,E-LIGHTING,L01A - E
078051C-0000-DW-1632-0001-A_04.dwg,E-LIGHTING,L01A - E
078051C-0000-DW-1632-0001-A_04.dwg,E-LIGHTING,L01A - E
078051C-0000-DW-1632-0001-A_04.dwg,E-LIGHTING,L25F
078051C-0000-DW-1632-0001-A_04.dwg,E-LIGHTING,L25F - E
078051C-0000-DW-1632-0001-A_04.dwg,E-LIGHTING,L25F
078051C-0000-DW-1632-0001-A_04.dwg,E-LIGHTING,L25F
078051C-0000-DW-1632-0001-A_04.dwg,E-LIGHTING,L25F
078051C-0000-DW-1632-0001-A_04.dwg,0,A$Ccea83b08
078051C-0000-DW-1632-0001-A_04.dwg,E-LIGHTING,L25F
078051C-0000-DW-1632-0001-A_04.dwg,E-LIGHTING,L25F - E
078051C-0000-DW-1632-0001-A_04.dwg,E-LIGHTING,L25F - E
078051C-0000-DW-1632-0001-A_04.dwg,E-LIGHTING,L25F - E
078051C-0000-DW-1632-0001-A_04.dwg,E-LIGHTING,L25F
078051C-0000-DW-1632-0001-A_04.dwg,E-LIGHTING,L25F
078051C-0000-DW-1632-0001-A_04.dwg,E-LIGHTING,L25F - E
078051C-0000-DW-1632-0001-A_04.dwg,E-LIGHTING,L25F - E
078051C-0000-DW-1632-0001-A_04.dwg,E-LIGHTING,L25F - E
078051C-0000-DW-1632-0001-A_04.dwg,E-LIGHTING,L25F
078051C-0000-DW-1632-0001-A_04.dwg,E-LIGHTING,L25F
078051C-0000-DW-1632-0001-A_04.dwg,E-LIGHTING,L08A - E
078051C-0000-DW-1632-0001-A_04.dwg,E-LIGHTING,L08A - E
078051C-0000-DW-1632-0001-A_05.dwg,0,A$Cdd380a1b
078051C-0000-DW-1632-0001-A_05.dwg,E-LIGHTING,L01A - E
078051C-0000-DW-1632-0001-A_05.dwg,E-LIGHTING,L01A
078051C-0000-DW-1632-0001-A_05.dwg,E-LIGHTING,L01A
078051C-0000-DW-1632-0001-A_05.dwg,E-LIGHTING,L01A
078051C-0000-DW-1632-0001-A_05.dwg,E-LIGHTING,L01A
078051C-0000-DW-1632-0001-A_05.dwg,E-LIGHTING,L01A
078051C-0000-DW-1632-0001-A_05.dwg,E-LIGHTING,L01A
078051C-0000-DW-1632-0001-A_05.dwg,E-LIGHTING,L01A
078051C-0000-DW-1632-0001-A_05.dwg,E-LIGHTING,L01A
078051C-0000-DW-1632-0001-A_05.dwg,E-LIGHTING,L01A
078051C-0000-DW-1632-0001-A_05.dwg,E-LIGHTING,L01A
078051C-0000-DW-1632-0001-A_05.dwg,E-LIGHTING,L07A
078051C-0000-DW-1632-0001-A_05.dwg,E-LIGHTING,L07A
078051C-0000-DW-1632-0001-A_05.dwg,E-LIGHTING,L07A
078051C-0000-DW-1632-0001-A_05.dwg,E-LIGHTING,L07A
078051C-0000-DW-1632-0001-A_05.dwg,E-LIGHTING,L07A
078051C-0000-DW-1632-0001-A_05.dwg,E-LIGHTING,L07A
078051C-0000-DW-1632-0001-A_05.dwg,E-LIGHTING,L07A
078051C-0000-DW-1632-0001-A_05.dwg,E-LIGHTING,L07A
078051C-0000-DW-1632-0001-A_05.dwg,E-LIGHTING,L07A
078051C-0000-DW-1632-0001-A_05.dwg,E-LIGHTING,L07A
078051C-0000-DW-1632-0001-A_05.dwg,E-LIGHTING,L07A
078051C-0000-DW-1632-0001-A_05.dwg,E-LIGHTING,L07A
078051C-0000-DW-1632-0001-A_05.dwg,E-LIGHTING,L01A
078051C-0000-DW-1632-0001-A_05.dwg,E-LIGHTING,L08A
078051C-0000-DW-1632-0001-A_05.dwg,E-LIGHTING,L08A
078051C-0000-DW-1632-0001-A_05.dwg,E-LIGHTING,L08A - E
078051C-0000-DW-1632-0001-A_05.dwg,E-LIGHTING,L08A
078051C-0000-DW-1632-0001-A_05.dwg,E-LIGHTING,L08A - E
078051C-0000-DW-1632-0001-A_05.dwg,E-LIGHTING,L07A
078051C-0000-DW-1632-0001-A_05.dwg,E-LIGHTING,L01A - E
078051C-0000-DW-1632-0001-A_05.dwg,E-LIGHTING,L01A - E
078051C-0000-DW-1632-0001-A_05.dwg,E-LIGHTING,L01A
078051C-0000-DW-1632-0001-A_05.dwg,E-LIGHTING,L01A - E
078051C-0000-DW-1632-0001-A_05.dwg,E-LIGHTING,L01A - E
078051C-0000-DW-1632-0001-A_05.dwg,E-LIGHTING,L08A
078051C-0000-DW-1632-0001-A_05.dwg,E-LIGHTING,L08A - E
078051C-0000-DW-1632-0001-A_05.dwg,Default,TF_P_ELP_GRATING
078051C-0000-DW-1632-0001-A_05.dwg,0,A$Cc5a80bb5
078051C-0000-DW-1632-0001-A_05.dwg,0,A$C60500d5a
078051C-0000-DW-1632-0001-A_05.dwg,0,A$C60500d5a
078051C-0000-DW-1632-0001-A_05.dwg,0,A$C60500d5a
078051C-0000-DW-1632-0001-A_05.dwg,0,A$C60500d5a
078051C-0000-DW-1632-0001-A_05.dwg,Default,TF_P_ELP_GRATING
078051C-0000-DW-1632-0001-A_05.dwg,Default,TF_P_ELP_GRATING
078051C-0000-DW-1632-0001-A_05.dwg,Default,TF_P_ELP_GRATING
078051C-0000-DW-1632-0001-A_05.dwg,Default,TF_P_ELP_GRATING
078051C-0000-DW-1632-0001-A_05.dwg,Default,TF_P_ELP_GRATING
078051C-0000-DW-1632-0001-A_05.dwg,E-LIGHTING,L01A
078051C-0000-DW-1632-0001-A_05.dwg,E-LIGHTING,L01A
078051C-0000-DW-1632-0001-A_05.dwg,E-LIGHTING,L01A
078051C-0000-DW-1632-0001-A_05.dwg,E-LIGHTING,L01A - E
078051C-0000-DW-1632-0001-A_05.dwg,E-LIGHTING,L01A
078051C-0000-DW-1632-0001-A_05.dwg,E-LIGHTING,L01A - E
078051C-0000-DW-1632-0001-A_05.dwg,E-LIGHTING,L01A - E
078051C-0000-DW-1632-0001-A_05.dwg,0,A$Cc1509445
078051C-0000-DW-1632-0001-A_05.dwg,Default,TF_P_ELP_GRATING
078051C-0000-DW-1632-0001-A_05.dwg,Default,TF_P_ELP_GRATING
078051C-0000-DW-1632-0001-A_05.dwg,E-LIGHTING,L01A
078051C-0000-DW-1632-0001-A_05.dwg,E-LIGHTING,L01A
078051C-0000-DW-1632-0001-A_05.dwg,E-LIGHTING,L01A
078051C-0000-DW-1632-0001-A_05.dwg,Default,TF_P_ELP_GRATING
078051C-0000-DW-1632-0001-A_05.dwg,E-LIGHTING,L01A - E
078051C-0000-DW-1632-0001-A_05.dwg,E-LIGHTING,L01A - E
078051C-0000-DW-1632-0001-A_05.dwg,E-LIGHTING,L01A - E
078051C-0000-DW-1632-0001-A_05.dwg,E-LIGHTING,L01A - E
078051C-0000-DW-1632-0001-A_05.dwg,E-LIGHTING,L01A - E
078051C-0000-DW-1632-0001-A_05.dwg,E-LIGHTING,L01A - E
078051C-0000-DW-1632-0001-A_05.dwg,E-LIGHTING,L01A - E
078051C-0000-DW-1632-0001-A_05.dwg,E-LIGHTING,L01A - E
078051C-0000-DW-1632-0001-A_05.dwg,0,A$C74ffe20f
078051C-0000-DW-1632-0001-A_05.dwg,0,A$C74ffe20f
078051C-0000-DW-1632-0001-A_05.dwg,E-LIGHTING,L01A - E
078051C-0000-DW-1632-0001-A_05.dwg,E-LIGHTING,L01A - E
078051C-0000-DW-1632-0001-A_05.dwg,E-LIGHTING,L01A - E
078051C-0000-DW-1632-0001-A_05.dwg,E-LIGHTING,L07A
078051C-0000-DW-1632-0001-A_05.dwg,E-LIGHTING,L07A
078051C-0000-DW-1632-0001-A_05.dwg,E-LIGHTING,L01A - E
078051C-0000-DW-1632-0001-A_05.dwg,E-LIGHTING,L08A - E
078051C-0000-DW-1632-0001-A_05.dwg,E-LIGHTING,L01A
078051C-0000-DW-1632-0001-A_05.dwg,E-LIGHTING,L01A
078051C-0000-DW-1632-0001-A_05.dwg,E-LIGHTING,L01A - E
078051C-0000-DW-1632-0001-A_05.dwg,Default,TF_P_ELP_GRATING
078051C-0000-DW-1632-0001-A_05.dwg,Default,TF_P_ELP_GRATING
078051C-0000-DW-1632-0001-A_05.dwg,Default,TF_P_ELP_GRATING
078051C-0000-DW-1632-0001-A_05.dwg,0,A$C0dd34425
078051C-0000-DW-1632-0001-A_05.dwg,0,A$C0dd34425
078051C-0000-DW-1632-0001-A_05.dwg,E-LIGHTING,L01A - E
078051C-0000-DW-1632-0001-A_05.dwg,E-LIGHTING,L01A - E
078051C-0000-DW-1632-0001-A_05.dwg,E-LIGHTING,L01A - E
078051C-0000-DW-1632-0001-A_05.dwg,E-LIGHTING,L01A - E
078051C-0000-DW-1632-0001-A_05.dwg,E-LIGHTING,L01A - E
078051C-0000-DW-1632-0001-A_05.dwg,E-LIGHTING,L01A
078051C-0000-DW-1632-0001-A_05.dwg,E-LIGHTING,L01A
078051C-0000-DW-1632-0001-A_05.dwg,E-LIGHTING,L01A
078051C-0000-DW-1632-0001-A_05.dwg,E-LIGHTING,L01A
078051C-0000-DW-1632-0001-A_05.dwg,E-LIGHTING,L01A - E
078051C-0000-DW-1632-0001-A_05.dwg,E-LIGHTING,L01A - E
078051C-0000-DW-1632-0001-A_05.dwg,0,A$C60500d5a
078051C-0000-DW-1632-0001-A_05.dwg,0,A$C60500d5a
078051C-0000-DW-1632-0001-A_05.dwg,0,A$C60500d5a
078051C-0000-DW-1632-0001-A_05.dwg,E-LIGHTING,L01A - E
078051C-0000-DW-1632-0001-A_05.dwg,E-LIGHTING,L01A - E
078051C-0000-DW-1632-0001-A_05.dwg,E-LIGHTING,L01A - E
078051C-0000-DW-1632-0001-A_05.dwg,E-LIGHTING,L01A - E
078051C-0000-DW-1632-0001-A_05.dwg,0,A$C60500d5a
078051C-0000-DW-1632-0001-A_05.dwg,0,A$C60500d5a
078051C-0000-DW-1632-0001-A_05.dwg,E-LIGHTING,L01A - E
078051C-0000-DW-1632-0001-A_05.dwg,E-LIGHTING,L01A - E
078051C-0000-DW-1632-0001-A_05.dwg,E-LIGHTING,L01A - E
078051C-0000-DW-1632-0001-A_05.dwg,E-LIGHTING,L01A
078051C-0000-DW-1632-0001-A_05.dwg,Default,TF_P_ELP_GRATING
078051C-0000-DW-1632-0001-A_05.dwg,Default,TF_P_ELP_GRATING
078051C-0000-DW-1632-0001-A_05.dwg,E-LIGHTING,L01A - E
078051C-0000-DW-1632-0001-A_05.dwg,Default,TF_P_ELP_GRATING
078051C-0000-DW-1632-0001-A_05.dwg,Default,TF_P_ELP_GRATING
078051C-0000-DW-1632-0001-A_05.dwg,Default,TF_P_ELP_GRATING
078051C-0000-DW-1632-0001-A_05.dwg,Default,TF_P_ELP_GRATING
078051C-0000-DW-1632-0001-A_05.dwg,Default,TF_P_ELP_GRATING
078051C-0000-DW-1632-0001-A_05.dwg,E-LIGHTING,L01A - E
078051C-0000-DW-1632-0001-A_05.dwg,E-LIGHTING,L01A - E
078051C-0000-DW-1632-0001-A_05.dwg,E-LIGHTING,L01A
078051C-0000-DW-1632-0001-A_05.dwg,E-LIGHTING,L01A - E
078051C-0000-DW-1632-0001-A_05.dwg,E-LIGHTING,L01A
078051C-0000-DW-1632-0001-A_05.dwg,E-LIGHTING,L01A - E
078051C-0000-DW-1632-0001-A_05.dwg,E-LIGHTING,L01A - E
078051C-0000-DW-1632-0001-A_05.dwg,POWER,LIGHTING PANEL
078051C-0000-DW-1632-0001-A_05.dwg,POWER,EMERGENCY LIGHTING PANEL
078051C-0000-DW-1632-0001-A_05.dwg,POWER,LIGHTING PANEL
078051C-0000-DW-1632-0001-A_05.dwg,POWER,EMERGENCY LIGHTING PANEL
078051C-0000-DW-1632-0001-A_05.dwg,E-LIGHTING,L07A - E
078051C-0000-DW-1632-0001-A_05.dwg,E-LIGHTING,L07A - E
078051C-0000-DW-1632-0001-A_05.dwg,E-LIGHTING,L07A - E
078051C-0000-DW-1632-0001-A_05.dwg,E-LIGHTING,L07A - E
078051C-0000-DW-1632-0001-A_05.dwg,E-LIGHTING,L07A - E
078051C-0000-DW-1632-0001-A_05.dwg,E-LIGHTING,L07A - E
078051C-0000-DW-1632-0001-A_05.dwg,E-LIGHTING,L07A - E
078051C-0000-DW-1632-0001-A_05.dwg,E-LIGHTING,L07A - E
078051C-0000-DW-1632-0001-A_05.dwg,E-LIGHTING,L07A - E
078051C-0000-DW-1632-0001-A_05.dwg,E-LIGHTING,L07A - E
078051C-0000-DW-1632-0001-A_05.dwg,E-LIGHTING,L07A - E
078051C-0000-DW-1632-0001-A_05.dwg,E-LIGHTING,L07A - E
078051C-0000-DW-1632-0001-A_05.dwg,E-LIGHTING,L01A - E
078051C-0000-DW-1632-0001-A_05.dwg,E-LIGHTING,L01A - E
078051C-0000-DW-1632-0001-A_05.dwg,E-LIGHTING,L01A - E
078051C-0000-DW-1632-0001-A_05.dwg,E-LIGHTING,L01A - E
078051C-0000-DW-1632-0001-A_05.dwg,E-LIGHTING,L01A - E
078051C-0000-DW-1632-0001-A_05.dwg,E-LIGHTING,L01A - E
078051C-0000-DW-1632-0001-A_05.dwg,E-LIGHTING,L01A - E
